func_name,work_time,date_time
root,0.008,2025-11-10 10:43:17.073825
get_login_page,0.0,2025-11-10 10:43:17.353079
root,0.007,2025-11-10 10:58:26.277193
get_login_page,0.0,2025-11-10 10:58:26.333078
root,0.002,2025-11-10 10:59:56.814485
get_login_page,0.001,2025-11-10 10:59:56.839419
get_login_page,0.0,2025-11-10 11:00:22.577377
login,0.012,2025-11-10 11:06:29.322554
not_found_page,0.0,2025-11-10 11:06:29.489067
eror_page,0.004,2025-11-10 11:06:29.503028
not_found_page,0.0,2025-11-10 11:06:31.903014
eror_page,0.0,2025-11-10 11:06:31.912987
get_login_page,0.0,2025-11-10 11:21:34.907189
get_login_page,0.0,2025-11-10 11:21:34.949110
get_login_page,0.0,2025-11-10 11:21:34.961045
login,0.006,2025-11-10 11:21:43.926003
not_found_page,0.0,2025-11-10 11:21:44.019725
not_found_page,0.0,2025-11-10 11:21:44.022717
eror_page,0.0,2025-11-10 11:21:44.037678
eror_page,0.0,2025-11-10 11:21:44.046653
not_found_page,0.0,2025-11-10 11:21:45.706958
not_found_page,0.0,2025-11-10 11:21:45.709950
eror_page,0.0,2025-11-10 11:21:45.716936
eror_page,0.0,2025-11-10 11:21:45.726905
not_found_page,0.0,2025-11-10 11:22:14.213732
eror_page,0.0,2025-11-10 11:22:14.227701
not_found_page,0.0,2025-11-10 11:22:14.263600
not_found_page,0.0,2025-11-10 11:22:14.269582
eror_page,0.0,2025-11-10 11:22:14.281555
eror_page,0.0,2025-11-10 11:22:14.289530
eror_page,0.0,2025-11-10 11:24:49.723615
not_found_page,0.0,2025-11-10 11:24:49.742532
eror_page,0.0,2025-11-10 11:24:49.753500
eror_page,0.0,2025-11-10 11:24:51.505793
not_found_page,0.0,2025-11-10 11:24:51.526732
eror_page,0.0,2025-11-10 11:24:51.536702
not_found_page,0.0,2025-11-10 11:24:52.161805
eror_page,0.0,2025-11-10 11:24:52.170810
not_found_page,0.0,2025-11-10 11:24:57.359911
eror_page,0.0,2025-11-10 11:24:57.369882
not_found_page,0.0,2025-11-10 11:24:58.433189
eror_page,0.0,2025-11-10 11:24:58.445148
not_found_page,0.0,2025-11-10 11:25:08.373652
eror_page,0.0,2025-11-10 11:25:08.386641
not_found_page,0.0,2025-11-10 11:25:08.407552
eror_page,0.0,2025-11-10 11:25:08.418521
eror_page,0.0,2025-11-10 11:25:09.494608
not_found_page,0.0,2025-11-10 11:25:09.508590
eror_page,0.0,2025-11-10 11:25:09.518537
not_found_page,0.0,2025-11-10 11:25:10.324669
eror_page,0.001,2025-11-10 11:25:10.333686
not_found_page,0.0,2025-11-10 11:25:10.802277
eror_page,0.0,2025-11-10 11:25:10.810253
not_found_page,0.0,2025-11-10 11:25:11.305352
eror_page,0.0,2025-11-10 11:25:11.315143
login,0.005,2025-11-10 11:25:12.425102
not_found_page,0.0,2025-11-10 11:25:12.476923
eror_page,0.0,2025-11-10 11:25:12.490910
get_login_page,0.002,2025-11-10 11:25:35.658658
get_login_page,0.0,2025-11-10 11:25:35.705523
login,0.007,2025-11-10 11:25:42.107490
not_found_page,0.0,2025-11-10 11:25:42.115497
eror_page,0.001,2025-11-10 11:25:42.126435
not_found_page,0.0,2025-11-10 11:25:42.174296
eror_page,0.0,2025-11-10 11:25:42.183269
eror_page,0.0,2025-11-10 11:25:44.061394
not_found_page,0.0,2025-11-10 11:25:44.081337
eror_page,0.0,2025-11-10 11:25:44.092276
eror_page,0.002,2025-11-10 11:25:56.139336
get_login_page,0.002,2025-11-10 11:25:56.187196
eror_page,0.002,2025-11-10 11:31:07.462062
get_login_page,0.003,2025-11-10 11:31:07.512926
eror_page,0.0,2025-11-10 11:31:08.133265
get_login_page,0.0,2025-11-10 11:31:08.163185
eror_page,0.0,2025-11-10 11:31:08.364646
get_login_page,0.0,2025-11-10 11:31:08.405544
eror_page,0.0,2025-11-10 11:31:08.542172
get_login_page,0.0,2025-11-10 11:31:08.566107
get_login_page,0.0,2025-11-10 11:31:09.204399
login,0.006,2025-11-10 11:31:10.468045
not_found_page,0.0,2025-11-10 11:31:10.521897
eror_page,0.001,2025-11-10 11:31:10.534865
not_found_page,0.0,2025-11-10 11:31:11.649883
eror_page,0.0,2025-11-10 11:31:11.658830
get_login_page,0.0,2025-11-10 11:31:12.349978
not_found_page,0.0,2025-11-10 11:31:12.370922
eror_page,0.0,2025-11-10 11:31:12.381925
not_found_page,0.0,2025-11-10 11:31:16.085978
eror_page,0.0,2025-11-10 11:31:16.095957
login,0.007,2025-11-10 11:31:21.939308
not_found_page,0.0,2025-11-10 11:31:22.015112
not_found_page,0.0,2025-11-10 11:31:22.030067
eror_page,0.0,2025-11-10 11:31:22.040041
eror_page,0.0,2025-11-10 11:31:22.047048
not_found_page,0.0,2025-11-10 11:31:22.997477
not_found_page,0.0,2025-11-10 11:31:23.006454
eror_page,0.0,2025-11-10 11:31:23.012439
eror_page,0.0,2025-11-10 11:31:23.025402
not_found_page,0.0,2025-11-10 11:31:23.036380
eror_page,0.0,2025-11-10 11:31:23.046376
login,0.005,2025-11-10 11:31:25.945616
not_found_page,0.0,2025-11-10 11:31:25.979496
not_found_page,0.0,2025-11-10 11:31:25.986478
eror_page,0.0,2025-11-10 11:31:25.998443
eror_page,0.0,2025-11-10 11:31:26.009416
login,0.0099,2025-11-10 11:32:04.948403
get_home_page,0.003,2025-11-10 11:32:04.962366
not_found_page,0.0,2025-11-10 11:32:05.044147
not_found_page,0.0,2025-11-10 11:32:05.054122
eror_page,0.001,2025-11-10 11:32:05.059136
eror_page,0.0,2025-11-10 11:32:05.071076
not_found_page,0.0,2025-11-10 11:32:05.087060
eror_page,0.0,2025-11-10 11:32:05.097007
get_home_page,0.001,2025-11-10 11:32:06.415922
not_found_page,0.0,2025-11-10 11:32:06.434844
not_found_page,0.0,2025-11-10 11:32:06.438832
eror_page,0.001,2025-11-10 11:32:06.450831
eror_page,0.0,2025-11-10 11:32:06.457781
not_found_page,0.0,2025-11-10 11:32:06.470772
eror_page,0.0,2025-11-10 11:32:06.480720
get_login_page,0.003,2025-11-10 11:33:09.920854
get_login_page,0.001,2025-11-10 11:33:09.945788
login,0.006,2025-11-10 11:33:16.475642
get_home_page,0.002,2025-11-10 11:33:16.486613
not_found_page,0.0,2025-11-10 11:33:16.506533
eror_page,0.002,2025-11-10 11:33:16.518507
not_found_page,0.0,2025-11-10 11:33:16.528474
eror_page,0.001,2025-11-10 11:33:16.541438
get_home_page,0.001,2025-11-10 11:33:17.614163
not_found_page,0.0,2025-11-10 11:33:17.628127
eror_page,0.0,2025-11-10 11:33:17.640094
not_found_page,0.0,2025-11-10 11:33:17.649070
eror_page,0.0,2025-11-10 11:33:17.659044
not_found_page,0.0,2025-11-10 11:33:20.793807
eror_page,0.0,2025-11-10 11:33:20.801786
get_home_page,0.003,2025-11-10 11:37:28.292183
not_found_page,0.0,2025-11-10 11:37:28.312130
not_found_page,0.0,2025-11-10 11:37:28.320112
eror_page,0.0,2025-11-10 11:37:28.326094
eror_page,0.0,2025-11-10 11:37:28.341054
not_found_page,0.0,2025-11-10 11:37:28.345042
eror_page,0.001,2025-11-10 11:37:28.359032
get_home_page,0.001,2025-11-10 11:37:28.814814
not_found_page,0.0,2025-11-10 11:37:28.832737
not_found_page,0.0,2025-11-10 11:37:28.837724
eror_page,0.001,2025-11-10 11:37:28.846728
eror_page,0.0,2025-11-10 11:37:28.855676
not_found_page,0.0,2025-11-10 11:37:28.867644
eror_page,0.0,2025-11-10 11:37:28.878614
get_home_page,0.001,2025-11-10 11:37:29.007641
not_found_page,0.0,2025-11-10 11:37:29.036536
not_found_page,0.0,2025-11-10 11:37:29.039528
eror_page,0.0,2025-11-10 11:37:29.047507
eror_page,0.0,2025-11-10 11:37:29.058477
not_found_page,0.0,2025-11-10 11:37:29.072441
eror_page,0.001,2025-11-10 11:37:29.080418
get_home_page,0.002,2025-11-10 11:37:29.238994
not_found_page,0.0,2025-11-10 11:37:29.258941
not_found_page,0.0,2025-11-10 11:37:29.262929
eror_page,0.001,2025-11-10 11:37:29.273901
eror_page,0.0,2025-11-10 11:37:29.281880
not_found_page,0.0,2025-11-10 11:37:29.295842
eror_page,0.0,2025-11-10 11:37:29.308807
get_home_page,0.002,2025-11-10 11:40:50.986638
not_found_page,0.0,2025-11-10 11:40:51.005587
not_found_page,0.0,2025-11-10 11:40:51.013563
eror_page,0.0,2025-11-10 11:40:51.022538
eror_page,0.0,2025-11-10 11:40:51.032513
not_found_page,0.0,2025-11-10 11:40:51.037495
eror_page,0.0,2025-11-10 11:40:51.046470
get_home_page,0.003,2025-11-10 11:43:08.018860
not_found_page,0.0,2025-11-10 11:43:08.037778
not_found_page,0.0,2025-11-10 11:43:08.042874
eror_page,0.0,2025-11-10 11:43:08.049858
eror_page,0.0,2025-11-10 11:43:08.058829
not_found_page,0.0,2025-11-10 11:43:08.064828
eror_page,0.0,2025-11-10 11:43:08.076806
get_login_page,0.0,2025-11-10 11:43:45.590716
get_login_page,0.0,2025-11-10 11:43:45.621629
get_login_page,0.0,2025-11-10 11:43:46.374509
get_login_page,0.0,2025-11-10 11:43:46.400437
login,0.006,2025-11-10 11:43:54.226166
get_home_page,0.001,2025-11-10 11:43:54.236139
not_found_page,0.0,2025-11-10 11:43:54.260074
eror_page,0.0,2025-11-10 11:43:54.269045
not_found_page,0.0,2025-11-10 11:43:54.284004
eror_page,0.0,2025-11-10 11:43:54.296967
get_home_page,0.003,2025-11-10 11:49:32.518557
not_found_page,0.0,2025-11-10 11:49:32.536549
eror_page,0.0,2025-11-10 11:49:32.545518
not_found_page,0.0,2025-11-10 11:49:32.558476
eror_page,0.001,2025-11-10 11:49:32.569426
get_login_page,0.0,2025-11-10 12:08:43.416085
get_login_page,0.0,2025-11-10 12:08:43.448996
login,0.005,2025-11-10 12:10:11.087479
get_home_page,0.001,2025-11-10 12:10:11.099419
not_found_page,0.0,2025-11-10 12:10:11.121360
eror_page,0.0,2025-11-10 12:10:11.134356
not_found_page,0.001,2025-11-10 12:10:11.149285
eror_page,0.0,2025-11-10 12:10:11.158268
get_home_page,0.001,2025-11-10 12:10:12.620194
not_found_page,0.0,2025-11-10 12:10:12.637148
eror_page,0.0,2025-11-10 12:10:12.649088
not_found_page,0.0,2025-11-10 12:10:12.659063
eror_page,0.0,2025-11-10 12:10:12.669062
root,0.0137,2025-11-13 15:19:03.943941
root,0.0106,2025-11-13 15:19:04.365327
get_login_page,0.0,2025-11-13 15:19:05.657317
login,0.0553,2025-11-13 15:19:12.123372
get_home_page,0.005,2025-11-13 15:19:12.557010
not_found_page,0.0,2025-11-13 15:19:13.373302
eror_page,0.0041,2025-11-13 15:19:13.869737
not_found_page,0.0,2025-11-13 15:19:16.343344
eror_page,0.0,2025-11-13 15:19:16.387240
login,0.0189,2025-11-13 15:39:24.097525
get_home_page,0.005,2025-11-13 15:39:24.202096
not_found_page,0.002,2025-11-13 15:39:24.655148
eror_page,0.001,2025-11-13 15:39:24.818577
root,0.008,2025-11-14 19:21:25.330477
get_login_page,0.001,2025-11-14 19:21:26.188700
login,0.009,2025-11-14 19:21:36.148601
get_login_page,0.001,2025-11-14 19:21:36.310641
login,0.005,2025-11-14 19:21:42.485478
get_login_page,0.0,2025-11-14 19:21:42.650519
login,0.016,2025-11-14 19:24:05.545899
get_login_page,0.0,2025-11-14 19:24:05.736949
login,0.018,2025-11-14 19:40:21.925218
get_login_page,0.0,2025-11-14 19:40:22.378331
root,0.009,2025-11-14 19:41:15.028069
get_login_page,0.001,2025-11-14 19:41:15.633224
login,0.005,2025-11-14 19:41:27.134946
get_login_page,0.001,2025-11-14 19:41:27.327991
login,0.004,2025-11-14 19:41:35.741038
get_login_page,0.001,2025-11-14 19:41:35.925086
login,0.007,2025-11-14 19:42:09.020850
get_login_page,0.002,2025-11-14 19:42:09.250906
login,0.035,2025-11-14 19:50:22.306726
get_login_page,0.002,2025-11-14 19:50:22.631808
root,0.007,2025-11-14 19:53:28.168277
get_login_page,0.001,2025-11-14 19:53:28.615387
login,0.011,2025-11-14 19:55:42.058307
get_login_page,0.001,2025-11-14 19:55:42.285365
